{"cameraMode":{"drawMode":0,"name":"Shaded","section":"Shading Mode"},"sceneLighting":true,"audioPlay":false,"sceneViewState":{"showFog":true,"showMaterialUpdate":true,"showSkybox":true,"showFlares":true,"showImageEffects":true,"showParticleSystems":true},"in2DMode":false,"pivot":{"x":-1.475097417831421,"y":1.2670117616653443,"z":-2.3431241512298586},"rotation":{"x":0.18702030181884767,"y":0.3245334029197693,"z":-0.06562680751085282,"w":0.9248754978179932},"size":0.0060961246490478519,"orthographic":false}